﻿<?xml version="1.0" encoding="utf-8"?>
<!DOCTYPE setting[
  <!ELEMENT setting ( agent , canal , ftpdirectory ,timeout , formvisible , memoire , audio , neurone , image , tache , tachewebbrowser, searchengine , backup_search_dialogue , sensors* )>
  <!ELEMENT agent (#PCDATA)>
  <!ELEMENT canal (#PCDATA)>
  <!ELEMENT ftpdirectory (#PCDATA)>
  <!ELEMENT messagefolder (#PCDATA)>
  <!ELEMENT timeout (#PCDATA)>
  <!ELEMENT formvisible (#PCDATA)>
  <!ELEMENT memoire (#PCDATA)>
  <!ELEMENT audio (#PCDATA)>
  <!ELEMENT neurone (#PCDATA)>
  <!ELEMENT image (#PCDATA)>
  <!ELEMENT tache (#PCDATA)>
  <!ELEMENT tachewebbrowser (#PCDATA)>
  <!ELEMENT searchengine (#PCDATA)> 
  <!ELEMENT backup_search_dialogue (#PCDATA)>
  <!ELEMENT agentname (#PCDATA)>
  <!ELEMENT mapreduce (typenoeud , master , slaves , inputlocation , outputlocation )>
  <!ELEMENT typenoeud (#PCDATA)>
  <!ELEMENT master (adresse , outputport , etat)>
  <!ELEMENT slaves (slave*)>
  <!ELEMENT slave (adresse ,inputport , outputport , etat)>
  <!ELEMENT sensors (sensor*)>
  <!ELEMENT sensor (name,inputdir,outputdir , applicationpath*)>
]>
<setting>
  <agent>chatbot</agent>
  <settingpath>D:\projet\a\vs</settingpath>
  <!-- FTP|FileSystem -->  
  <canal>FileSystem</canal>
  <ftpdirectory>/www/chatterbox/message</ftpdirectory>
  <messagefolder>H:\projet\www\www_adelrick_engine\message</messagefolder>
  <timeout>5000</timeout>
  <formvisible>true</formvisible>
  <memoire>D:\projet\a\memoire</memoire>
  <audio>H:\projet\viki\viki_cle_07_10_2013\ordy\projet\memoire\audio</audio>
  <neurone>H:\projet\MouseKeyboardLibrary_sesametest2\Neurone\bin\Debug</neurone>
  <image>H:\projet\viki\viki_cle_07_10_2013\ordy\projet\memoire\image</image>
  <tache>C:\projet\hub\Brain\Desktop\bin\Debug\tache</tache>
  <searchengine>H:\projet\www\www_adelrick_engine\message</searchengine>
  <canspeakaloud>true</canspeakaloud>
  <agentname>VIKI</agentname>
  <deviceid></deviceid>
  <cacheassociation>D:\projet\a\vs\application\lire_rapidement_et_associationnisme\lire_rapidement_et_associationnisme\bin\Debug\cache_association.mem</cacheassociation>
  <cachereponsecablee>D:\projet\a\vs\answer.mem</cachereponsecablee>

  <sensors>  
		<sensor name="bouche">
			<inputmemory>H:\projet\viki\brain_framework_4\Brain\Desktop\bin\Debug</inputmemory>
			<outputmemory></outputmemory>
		</sensor>
		<sensor name="keyboard">
			<inputmemory>F:\viki\suite_robot\daemon_perception_keyboard\SampleApplication\bin\Debug</inputmemory>
			<applicationpath>F:\viki\suite_robot\daemon_perception_keyboard\SampleApplication\bin\Debug\keyboard.exe</applicationpath>
			<outputmemory>H:\projet\viki\viki_cle_07_10_2013\ordy\projet\memoire\keyboard</outputmemory>
		</sensor>
		<sensor name="mouse">
			<inputmemory>H:\projet\viki\viki_cle_07_10_2013\ordy\projet\memoire\mouse</inputmemory>
			<applicationpath>H:\projet\viki\brain_framework_4\Brain\Sensors\mouse_sensor\MouseKeyboardLibrary\SampleApplication\bin\Debug\mouse.exe</applicationpath>
			<outputmemory>H:\projet\viki\viki_cle_07_10_2013\ordy\projet\memoire\mouse</outputmemory>
		</sensor>
    <sensor name="oreille">
      <inputmemory>H:\projet\viki\viki_cle_07_10_2013\ordy\projet\memoire\oreille</inputmemory>
      <outputmemory></outputmemory>
      <!-- <applicationpath>http://localhost/speech2text/braina/</applicationpath> -->      
      <applicationpath>http://voicerecognition.adelrick.com</applicationpath>
    </sensor>
    <sensor name="voix">
      <outputmemory>H:\projet\audio</outputmemory>
      <applicationpath>H:\Program Files\VideoLAN\VLC\vlc.exe</applicationpath>
    </sensor>
    <sensor name="screen">
      <inputmemory>H:\projet\viki\viki_cle_07_10_2013\ordy\projet\memoire\screen</inputmemory>
      <outputmemory></outputmemory>
      <applicationpath>H:\projet\viki\brain_framework_4\Brain\Desktop\bin\Debug\mp3_stream.exe</applicationpath>
    </sensor>
    <sensor name="camera">
      <inputmemory>H:\projet\viki\viki_cle_07_10_2013\ordy\projet\memoire\camera</inputmemory>
      <outputmemory>H:\projet\viki\viki_cle_07_10_2013\ordy\projet\memoire\camera</outputmemory>
      <applicationpath>H:\projet\viki\brain_framework_4\Brain\Sensors\camera_sensor\bin\Debug\camera.exe</applicationpath>
    </sensor>
    <sensor name="patternrecognition">
      <inputmemory>{CURRENTDIR}\tache\patternrecognition</inputmemory>
      <outputmemory></outputmemory>
      <applicationpath></applicationpath>
    </sensor>

    <sensor name="patternrecognitionsamepremisse">
      <inputmemory>{CURRENTDIR}\tache\patternrecognitionsamepremisse</inputmemory>
      <outputmemory></outputmemory>
      <applicationpath></applicationpath>
    </sensor>


    <sensor name="neuron_sensor_webbrowser_bot">
      <inputmemory>D:\projet\a\vs\viki_suite_desktop\WebBrowserBot\WebBrowserBot\bin\Debug\inputmemory</inputmemory>
      <outputmemory></outputmemory>
      <applicationpath>D:\projet\a\vs\viki_suite_desktop\web_automation_bot\WebAutomation\bin\Debug\WebAutomation.exe</applicationpath>
    </sensor>


    <sensor name="neuron_sensor_message">
      <inputmemory>D:\projet\a\vs\application\FormPerceptionMessage\FormPerceptionMessage\bin\Debug</inputmemory>
      <applicationpath>D:\projet\a\vs\application\FormPerceptionMessage\FormPerceptionMessage\bin\Debug\FormPerceptionMessage.exe</applicationpath>
      <outputmemory>D:\projet\a\vs\application\FormPerceptionMessage\FormPerceptionMessage\bin\Debug</outputmemory>
    </sensor>


  </sensors>


  <actuators>
    
    
    
    <actuator name="neuron_actuator_bot_visit_linkedin_profile">
      <inputmemory>D:\projet\a\vs\viki4biz_suite\WebBrowserBot\linkedin\WebBrowserBot\bin\Debug\inputmemory</inputmemory>
      <startuppath>D:\projet\a\vs\viki4biz_suite\WebBrowserBot\linkedin\WebBrowserBot\bin\Debug\NavigateWithWebBrowser.exe</startuppath>
    </actuator>



    <actuator name="neuron_actuator_lire_document">
      <inputmemory>D:\projet\a\vs\lire_rapidement_document\bin\Debug\inputmemory</inputmemory>
      <startuppath>D:\projet\a\vs\lire_rapidement_document\bin\Debug\lis_rapidement_document.exe</startuppath>
    </actuator>

    <actuator name="neuron_actuator_memoriser">
      <inputmemory>D:\projet\a\vs\application\neuron_actuator_memoriser\neuron_actuator_memoriser\bin\Debug\inputmemory</inputmemory>
      <startuppath></startuppath>
    </actuator>


    <actuator name="neuron_charger_association">
      <inputmemory>D:\projet\a\vs\application\neuron_server_charger_association_from_internet\neuron_server_charger_association_from_internet\bin\Debug\inputmemory</inputmemory>
      <startuppath>D:\projet\a\vs\application\neuron_server_charger_association_from_internet\neuron_server_charger_association_from_internet\bin\Debug\neuron_server_charger_association_from_internet.exe</startuppath>
    </actuator>


    <actuator name="neuron_actuator_process_tweet">
      <inputmemory>D:\projet\a\vs\viki4biz_suite\knowledge_source\twitter\process_tweet\process_tweet\bin\Debug\inputmemory</inputmemory>
      <startuppath>D:\projet\a\vs\viki4biz_suite\knowledge_source\twitter\process_tweet\process_tweet\bin\Debug\process_tweet.exe</startuppath>
    </actuator>


    <actuator name="neuron_actuator_ks_twitter_bio">
      <inputmemory>D:\projet\a\vs\viki4biz_suite\knowledge_source\twitter\ks_twitter_bio\ks_twitter_bio\bin\Debug\inputmemory</inputmemory>
      <startuppath>D:\projet\a\vs\viki4biz_suite\knowledge_source\twitter\ks_twitter_bio\ks_twitter_bio\bin\Debug\ks_twitter_bio.exe</startuppath>
    </actuator>


    <actuator name="neuron_actuator_ks_twitter_follower">
      <inputmemory>D:\projet\a\vs\viki4biz_suite\knowledge_source\twitter\ks_twitter_follower\ks_twitter_follower\bin\Debug\inputmemory</inputmemory>
      <startuppath>D:\projet\a\vs\viki4biz_suite\knowledge_source\twitter\ks_twitter_follower\ks_twitter_follower\bin\Debug\ks_twitter_follower.exe</startuppath>
    </actuator>


    <actuator name="neuron_actuator_ks_twitter">
      <inputmemory>D:\projet\a\vs\viki4biz_suite\knowledge_source\twitter\ks_twitter\ks_twitter\bin\Debug\inputmemory</inputmemory>
      <startuppath>D:\projet\a\vs\viki4biz_suite\knowledge_source\twitter\ks_twitter\ks_twitter\bin\Debug\ks_twitter.exe</startuppath>
    </actuator>


    <actuator name="neuron_actuator_ks_reconnaissance_enonce_et_action">
      <inputmemory>D:\projet\a\vs\viki4biz_suite\knowledge_source\siteweb\ks_reconnaissance_enonce_et_action\ks_reconnaissance_enonce_et_action\bin\Debug\inputmemory</inputmemory>
      <startuppath>D:\projet\a\vs\viki4biz_suite\knowledge_source\siteweb\ks_reconnaissance_enonce_et_action\ks_reconnaissance_enonce_et_action\bin\Debug\ks_reconnaissance_enonce_et_action.exe</startuppath>
    </actuator>


    <actuator name="neuron_actuator_ks_twitter">
      <inputmemory>D:\projet\a\vs\viki4biz_suite\knowledge_source\twitter\ks_twitter\ks_twitter\bin\Debug\inputmemory</inputmemory>
      <startuppath>D:\projet\a\vs\viki4biz_suite\knowledge_source\twitter\ks_twitter\ks_twitter\bin\Debug\ks_twitter.exe</startuppath>
    </actuator>
    
    
    
    <actuator name="neuron_actuator_ks_outer_html">
      <inputmemory>D:\projet\a\vs\viki4biz_suite\knowledge_source\siteweb\ks_outer_html\bin\Debug\inputmemory</inputmemory>
      <startuppath>D:\projet\a\vs\viki4biz_suite\knowledge_source\siteweb\ks_outer_html\bin\Debug\ks_outer_html.exe</startuppath>
    </actuator>





    <actuator name="neuron_actuator_ks_twitter_search">
      <inputmemory>D:\projet\a\vs\viki4biz_suite\knowledge_source\twitter\ks_twitter_search\ks_twitter_search\bin\Debug\inputmemory</inputmemory>
      <startuppath>D:\projet\a\vs\viki4biz_suite\knowledge_source\twitter\ks_twitter_search\ks_twitter_search\bin\Debug\ks_twitter_search.exe</startuppath>
    </actuator>


  </actuators>
  
  <apps>    
    <app name="callphone">
      <startuppath>{CURRENTDIR}\callphone\callphone.exe</startuppath>
    </app>

    <app name="neuron_server_charger_association_from_internet">
      <inputmemory>D:\projet\a\vs\application\neuron_server_charger_association_from_internet\neuron_server_charger_association_from_internet\bin\Debug</inputmemory>
      <startuppath>D:\projet\a\vs\application\neuron_server_charger_association_from_internet\neuron_server_charger_association_from_internet\bin\Debug\neuron_server_charger_association_from_internet.exe</startuppath>
    </app>


    <app name="navigatewithwebbrowser">
      <startuppath>D:\projet\a\vs\application\NavigateWithWebBrowser\bin\Debug\navigatewithwebbrowser.exe</startuppath>
    </app>



    <app name="toastnotification">
      <inputmemory>D:\projet\a\vs\ToastFormTest\ToastFormTest\bin\Debug</inputmemory>
      <startuppath>D:\projet\a\vs\ToastFormTest\ToastFormTest\bin\Debug\DesktopToast.exe</startuppath>
    </app>


   

  </apps>
</setting>
